<?xml version="1.0" encoding="utf-8" ?><dwsync><file name="s4.1.in" server="cemc.math.uwaterloo.ca//Library/WebServer/Documents/" local="3349866574" remote="2087563136674228302" /><file name="s4.1.out" server="cemc.math.uwaterloo.ca//Library/WebServer/Documents/" local="3349866574" remote="2080570861196863566" /><file name="s4.2.in" server="cemc.math.uwaterloo.ca//Library/WebServer/Documents/" local="3349866574" remote="2080021552059574350" /><file name="s4.2.out" server="cemc.math.uwaterloo.ca//Library/WebServer/Documents/" local="3349866574" remote="381504596585670734" /><file name="s4.3.in" server="cemc.math.uwaterloo.ca//Library/WebServer/Documents/" local="3349866574" remote="2080469757666715726" /><file name="s4.3.out" server="cemc.math.uwaterloo.ca//Library/WebServer/Documents/" local="3349866575" remote="2084462805941676111" /><file name="s4.4.in" server="cemc.math.uwaterloo.ca//Library/WebServer/Documents/" local="3349866575" remote="380104059290052687" /><file name="s4.4.out" server="cemc.math.uwaterloo.ca//Library/WebServer/Documents/" local="3349866575" remote="2066421022720714831" /><file name="s4.5.in" server="cemc.math.uwaterloo.ca//Library/WebServer/Documents/" local="3349866575" remote="2064227737541470287" /><file name="s4.5.out" server="cemc.math.uwaterloo.ca//Library/WebServer/Documents/" local="3349866575" remote="2073506052311803983" /></dwsync>