<?xml version="1.0" encoding="utf-8" ?><dwsync><file name="j1.1.in" server="cemc.math.uwaterloo.ca//Library/WebServer/Documents/" local="3349866558" remote="2328007397452998718" /><file name="j1.1.out" server="cemc.math.uwaterloo.ca//Library/WebServer/Documents/" local="3349866558" remote="2327471385534457918" /><file name="j1.10.in" server="cemc.math.uwaterloo.ca//Library/WebServer/Documents/" local="3349866558" remote="2088490145235527742" /><file name="j1.10.out" server="cemc.math.uwaterloo.ca//Library/WebServer/Documents/" local="3349866559" remote="2070019999156332607" /><file name="j1.2.in" server="cemc.math.uwaterloo.ca//Library/WebServer/Documents/" local="3349866559" remote="2329525067096713279" /><file name="j1.2.out" server="cemc.math.uwaterloo.ca//Library/WebServer/Documents/" local="3349866559" remote="2083033818782689343" /><file name="j1.3.in" server="cemc.math.uwaterloo.ca//Library/WebServer/Documents/" local="3349866559" remote="2073071762398701631" /><file name="j1.3.out" server="cemc.math.uwaterloo.ca//Library/WebServer/Documents/" local="3349866559" remote="2088587675352885311" /><file name="j1.4.in" server="cemc.math.uwaterloo.ca//Library/WebServer/Documents/" local="3349866559" remote="376323405737814079" /><file name="j1.4.out" server="cemc.math.uwaterloo.ca//Library/WebServer/Documents/" local="3349866559" remote="2295720479021525055" /><file name="j1.5.in" server="cemc.math.uwaterloo.ca//Library/WebServer/Documents/" local="3349866559" remote="2063648209014286399" /><file name="j1.5.out" server="cemc.math.uwaterloo.ca//Library/WebServer/Documents/" local="3349866560" remote="2361384567562758208" /><file name="j1.6.in" server="cemc.math.uwaterloo.ca//Library/WebServer/Documents/" local="3349866560" remote="377671939569412160" /><file name="j1.6.out" server="cemc.math.uwaterloo.ca//Library/WebServer/Documents/" local="3349866560" remote="2274019469563717696" /><file name="j1.7.in" server="cemc.math.uwaterloo.ca//Library/WebServer/Documents/" local="3349866560" remote="2320167845187217472" /><file name="j1.7.out" server="cemc.math.uwaterloo.ca//Library/WebServer/Documents/" local="3349866560" remote="2306167351313885248" /><file name="j1.8.in" server="cemc.math.uwaterloo.ca//Library/WebServer/Documents/" local="3349866560" remote="2321067623655860288" /><file name="j1.8.out" server="cemc.math.uwaterloo.ca//Library/WebServer/Documents/" local="3349866560" remote="2303604458429016128" /><file name="j1.9.in" server="cemc.math.uwaterloo.ca//Library/WebServer/Documents/" local="3349866561" remote="2313626781794101313" /><file name="j1.9.out" server="cemc.math.uwaterloo.ca//Library/WebServer/Documents/" local="3349866561" remote="2324686013343656001" /></dwsync>