<?xml version="1.0" encoding="utf-8" ?><dwsync><file name="j3.1.in" server="cemc.math.uwaterloo.ca//Library/WebServer/Documents/" local="3349866563" remote="2326846759850666051" /><file name="j3.1.out" server="cemc.math.uwaterloo.ca//Library/WebServer/Documents/" local="3349866563" remote="2327123252665313347" /><file name="j3.2.in" server="cemc.math.uwaterloo.ca//Library/WebServer/Documents/" local="3349866563" remote="2326732067043993667" /><file name="j3.2.out" server="cemc.math.uwaterloo.ca//Library/WebServer/Documents/" local="3349866563" remote="2330321560191821891" /><file name="j3.3.in" server="cemc.math.uwaterloo.ca//Library/WebServer/Documents/" local="3349866563" remote="2088948126188234819" /><file name="j3.3.out" server="cemc.math.uwaterloo.ca//Library/WebServer/Documents/" local="3349866563" remote="2334341031105587267" /><file name="j3.4.in" server="cemc.math.uwaterloo.ca//Library/WebServer/Documents/" local="3349866563" remote="2333111485047957571" /><file name="j3.4.out" server="cemc.math.uwaterloo.ca//Library/WebServer/Documents/" local="3349866564" remote="2333098771944761412" /><file name="j3.5.in" server="cemc.math.uwaterloo.ca//Library/WebServer/Documents/" local="3349866564" remote="2286743722494978116" /><file name="j3.5.out" server="cemc.math.uwaterloo.ca//Library/WebServer/Documents/" local="3349866564" remote="2293393603179505732" /></dwsync>