<?xml version="1.0" encoding="utf-8" ?><dwsync><file name="j4.1.in" server="cemc.math.uwaterloo.ca//Library/WebServer/Documents/" local="3350427255" remote="3598602020899223159" /><file name="j4.1.out" server="cemc.math.uwaterloo.ca//Library/WebServer/Documents/" local="3349866564" remote="2329309133320939588" /><file name="j4.2.in" server="cemc.math.uwaterloo.ca//Library/WebServer/Documents/" local="3350427267" remote="3481182494109431427" /><file name="j4.2.out" server="cemc.math.uwaterloo.ca//Library/WebServer/Documents/" local="3349866564" remote="2332030390239946820" /><file name="j4.3.in" server="cemc.math.uwaterloo.ca//Library/WebServer/Documents/" local="3349866564" remote="2330646964094036036" /><file name="j4.3.out" server="cemc.math.uwaterloo.ca//Library/WebServer/Documents/" local="3349866565" remote="2332907130504013893" /><file name="j4.4.in" server="cemc.math.uwaterloo.ca//Library/WebServer/Documents/" local="3349866565" remote="2277277356876556357" /><file name="j4.4.out" server="cemc.math.uwaterloo.ca//Library/WebServer/Documents/" local="3349866565" remote="2332268760924874821" /><file name="j4.5.in" server="cemc.math.uwaterloo.ca//Library/WebServer/Documents/" local="3349866565" remote="2337602027974748229" /><file name="j4.5.out" server="cemc.math.uwaterloo.ca//Library/WebServer/Documents/" local="3349866565" remote="2331591272783603781" /></dwsync>