<?xml version="1.0" encoding="utf-8" ?><dwsync><file name="s2.1.in" server="cemc.math.uwaterloo.ca//Library/WebServer/Documents/" local="3349866570" remote="2281283977248172106" /><file name="s2.1.out" server="cemc.math.uwaterloo.ca//Library/WebServer/Documents/" local="3349866570" remote="2280412579923421258" /><file name="s2.2.in" server="cemc.math.uwaterloo.ca//Library/WebServer/Documents/" local="3349866570" remote="2279391460038731850" /><file name="s2.2.out" server="cemc.math.uwaterloo.ca//Library/WebServer/Documents/" local="3349866570" remote="2279609833355929674" /><file name="s2.2_original.in" server="cemc.math.uwaterloo.ca//Library/WebServer/Documents/" local="3349866570" remote="2279632716941682762" /><file name="s2.2_original.out" server="cemc.math.uwaterloo.ca//Library/WebServer/Documents/" local="3349866571" remote="2298351472907839563" /><file name="s2.3.in" server="cemc.math.uwaterloo.ca//Library/WebServer/Documents/" local="3349866571" remote="2272233055226357835" /><file name="s2.3.out" server="cemc.math.uwaterloo.ca//Library/WebServer/Documents/" local="3349866571" remote="2276958601583716427" /><file name="s2.4.in" server="cemc.math.uwaterloo.ca//Library/WebServer/Documents/" local="3349866571" remote="2277273542945597515" /><file name="s2.4.out" server="cemc.math.uwaterloo.ca//Library/WebServer/Documents/" local="3349866571" remote="2064687178783057995" /><file name="s2.5.in" server="cemc.math.uwaterloo.ca//Library/WebServer/Documents/" local="3349866571" remote="2064696713610455115" /><file name="s2.5.out" server="cemc.math.uwaterloo.ca//Library/WebServer/Documents/" local="3349866571" remote="2272324228792117323" /><file name="s2.6.in" server="cemc.math.uwaterloo.ca//Library/WebServer/Documents/" local="3349866572" remote="2274240059084040268" /><file name="s2.6.out" server="cemc.math.uwaterloo.ca//Library/WebServer/Documents/" local="3349866572" remote="2270961865165826124" /></dwsync>