<?xml version="1.0" encoding="utf-8" ?><dwsync><file name="s1.1.in" server="cemc.math.uwaterloo.ca//Library/WebServer/Documents/" local="3349866567" remote="2274248322601117767" /><file name="s1.1.out" server="cemc.math.uwaterloo.ca//Library/WebServer/Documents/" local="3349866567" remote="2065768118972246087" /><file name="s1.2.in" server="cemc.math.uwaterloo.ca//Library/WebServer/Documents/" local="3349866568" remote="2273592343656065096" /><file name="s1.2.out" server="cemc.math.uwaterloo.ca//Library/WebServer/Documents/" local="3349866568" remote="2070041611431766088" /><file name="s1.3.in" server="cemc.math.uwaterloo.ca//Library/WebServer/Documents/" local="3349866568" remote="2319928186012100680" /><file name="s1.3.out" server="cemc.math.uwaterloo.ca//Library/WebServer/Documents/" local="3349866568" remote="2334773792010332232" /><file name="s1.4.in" server="cemc.math.uwaterloo.ca//Library/WebServer/Documents/" local="3349866568" remote="2278708525878929480" /><file name="s1.4.out" server="cemc.math.uwaterloo.ca//Library/WebServer/Documents/" local="3349866568" remote="2334922758656026696" /><file name="s1.5.in" server="cemc.math.uwaterloo.ca//Library/WebServer/Documents/" local="3349866569" remote="2323735640160266313" /><file name="s1.5.out" server="cemc.math.uwaterloo.ca//Library/WebServer/Documents/" local="3349866569" remote="2335469422093461577" /><file name="s1.6.in" server="cemc.math.uwaterloo.ca//Library/WebServer/Documents/" local="3349866569" remote="2299845004835350601" /><file name="s1.6.out" server="cemc.math.uwaterloo.ca//Library/WebServer/Documents/" local="3349866569" remote="2288855798432589897" /><file name="s1.7.in" server="cemc.math.uwaterloo.ca//Library/WebServer/Documents/" local="3349866569" remote="2085358478421583945" /><file name="s1.7.out" server="cemc.math.uwaterloo.ca//Library/WebServer/Documents/" local="3349866569" remote="2335245121721395273" /><file name="s1.8.in" server="cemc.math.uwaterloo.ca//Library/WebServer/Documents/" local="3349866569" remote="2278718696361486409" /><file name="s1.8.out" server="cemc.math.uwaterloo.ca//Library/WebServer/Documents/" local="3349866570" remote="2085351486214826058" /><file name="s1.9.in" server="cemc.math.uwaterloo.ca//Library/WebServer/Documents/" local="3349866570" remote="2337314952360683594" /><file name="s1.9.out" server="cemc.math.uwaterloo.ca//Library/WebServer/Documents/" local="3349866570" remote="2283575617178495050" /></dwsync>