<?xml version="1.0" encoding="utf-8" ?><dwsync><file name="j5.1.in" server="cemc.math.uwaterloo.ca//Library/WebServer/Documents/" local="3349866565" remote="2087132025036924997" /><file name="j5.1.out" server="cemc.math.uwaterloo.ca//Library/WebServer/Documents/" local="3349866565" remote="2339261414359361605" /><file name="j5.2.in" server="cemc.math.uwaterloo.ca//Library/WebServer/Documents/" local="3349866565" remote="2349441981499500613" /><file name="j5.2.out" server="cemc.math.uwaterloo.ca//Library/WebServer/Documents/" local="3349866566" remote="2349659100686248006" /><file name="j5.3.in" server="cemc.math.uwaterloo.ca//Library/WebServer/Documents/" local="3349866566" remote="2287864519980673094" /><file name="j5.3.out" server="cemc.math.uwaterloo.ca//Library/WebServer/Documents/" local="3349866566" remote="2297341399679035462" /><file name="j5.4.in" server="cemc.math.uwaterloo.ca//Library/WebServer/Documents/" local="3349866566" remote="2298806327124355142" /><file name="j5.4.out" server="cemc.math.uwaterloo.ca//Library/WebServer/Documents/" local="3349866566" remote="2336601094436350022" /><file name="j5.5.in" server="cemc.math.uwaterloo.ca//Library/WebServer/Documents/" local="3349866566" remote="2297438397220448326" /><file name="j5.5.out" server="cemc.math.uwaterloo.ca//Library/WebServer/Documents/" local="3349866566" remote="2299408172301609030" /><file name="j5.6.in" server="cemc.math.uwaterloo.ca//Library/WebServer/Documents/" local="3349866567" remote="2339741694782269511" /><file name="j5.6.out" server="cemc.math.uwaterloo.ca//Library/WebServer/Documents/" local="3349866567" remote="2298371813872953415" /><file name="j5.7.in" server="cemc.math.uwaterloo.ca//Library/WebServer/Documents/" local="3349866567" remote="2295683611022256199" /><file name="j5.7.out" server="cemc.math.uwaterloo.ca//Library/WebServer/Documents/" local="3349866567" remote="2299114104480786503" /><file name="j5.8.in" server="cemc.math.uwaterloo.ca//Library/WebServer/Documents/" local="3349866567" remote="2290393259285604423" /><file name="j5.8.out" server="cemc.math.uwaterloo.ca//Library/WebServer/Documents/" local="3349866567" remote="2335690011613784135" /></dwsync>