<?xml version="1.0" encoding="utf-8" ?><dwsync><file name="s5.1.in" server="cemc.math.uwaterloo.ca//Library/WebServer/Documents/" local="3349866575" remote="2065464413244811343" /><file name="s5.1.out" server="cemc.math.uwaterloo.ca//Library/WebServer/Documents/" local="3349866575" remote="2071875287589251151" /><file name="s5.2.in" server="cemc.math.uwaterloo.ca//Library/WebServer/Documents/" local="3349866575" remote="2070180046817650767" /><file name="s5.2.out" server="cemc.math.uwaterloo.ca//Library/WebServer/Documents/" local="3349866576" remote="2273904536238876752" /><file name="s5.3.in" server="cemc.math.uwaterloo.ca//Library/WebServer/Documents/" local="3349866576" remote="2275156965882259536" /><file name="s5.3.out" server="cemc.math.uwaterloo.ca//Library/WebServer/Documents/" local="3349866576" remote="2069432670968539216" /><file name="s5.4.in" server="cemc.math.uwaterloo.ca//Library/WebServer/Documents/" local="3349866576" remote="2089490546197981264" /><file name="s5.4.out" server="cemc.math.uwaterloo.ca//Library/WebServer/Documents/" local="3349866576" remote="2275472388280477776" /><file name="s5.5.in" server="cemc.math.uwaterloo.ca//Library/WebServer/Documents/" local="3349866576" remote="2275376765128599632" /><file name="s5.5.out" server="cemc.math.uwaterloo.ca//Library/WebServer/Documents/" local="3349866576" remote="2071491643930503248" /><file name="s5.6.in" server="cemc.math.uwaterloo.ca//Library/WebServer/Documents/" local="3349866577" remote="2068951462832695377" /><file name="s5.6.out" server="cemc.math.uwaterloo.ca//Library/WebServer/Documents/" local="3349866577" remote="2070276305624688721" /><file name="s5.7.in" server="cemc.math.uwaterloo.ca//Library/WebServer/Documents/" local="3349866577" remote="2270508282259630161" /><file name="s5.7.out" server="cemc.math.uwaterloo.ca//Library/WebServer/Documents/" local="3349866577" remote="2082192812646525009" /><file name="s5.8.in" server="cemc.math.uwaterloo.ca//Library/WebServer/Documents/" local="3349866577" remote="380871518406240337" /><file name="s5.8.out" server="cemc.math.uwaterloo.ca//Library/WebServer/Documents/" local="3349866577" remote="2082558726680275025" /></dwsync>