<?xml version="1.0" encoding="utf-8" ?><dwsync><file name="s3.1.in" server="cemc.math.uwaterloo.ca//Library/WebServer/Documents/" local="3349866572" remote="2076782184645716044" /><file name="s3.1.out" server="cemc.math.uwaterloo.ca//Library/WebServer/Documents/" local="3349866572" remote="2290747009971972172" /><file name="s3.2.in" server="cemc.math.uwaterloo.ca//Library/WebServer/Documents/" local="3349866572" remote="2078555147145504844" /><file name="s3.2.out" server="cemc.math.uwaterloo.ca//Library/WebServer/Documents/" local="3349866572" remote="2296356031102117964" /><file name="s3.3.in" server="cemc.math.uwaterloo.ca//Library/WebServer/Documents/" local="3349866572" remote="3601511758162487372" /><file name="s3.3.out" server="cemc.math.uwaterloo.ca//Library/WebServer/Documents/" local="3349866572" remote="376554698316638284" /><file name="s3.4.in" server="cemc.math.uwaterloo.ca//Library/WebServer/Documents/" local="3349866573" remote="2082929829034518605" /><file name="s3.4.out" server="cemc.math.uwaterloo.ca//Library/WebServer/Documents/" local="3349866573" remote="2281794580140189773" /><file name="s3.5.in" server="cemc.math.uwaterloo.ca//Library/WebServer/Documents/" local="3349866573" remote="2339507223927646285" /><file name="s3.5.out" server="cemc.math.uwaterloo.ca//Library/WebServer/Documents/" local="3349866573" remote="2282550219506378829" /><file name="s3.6.in" server="cemc.math.uwaterloo.ca//Library/WebServer/Documents/" local="3349866573" remote="2085019107285723213" /><file name="s3.6.out" server="cemc.math.uwaterloo.ca//Library/WebServer/Documents/" local="3349866573" remote="2075248297205491789" /><file name="s3.7.in" server="cemc.math.uwaterloo.ca//Library/WebServer/Documents/" local="3349866573" remote="2339525022272120909" /><file name="s3.7.out" server="cemc.math.uwaterloo.ca//Library/WebServer/Documents/" local="3349866574" remote="2069116492656076878" /><file name="s3.8.in" server="cemc.math.uwaterloo.ca//Library/WebServer/Documents/" local="3349866574" remote="2066336789822105678" /><file name="s3.8.out" server="cemc.math.uwaterloo.ca//Library/WebServer/Documents/" local="3349866574" remote="2073818451053045838" /></dwsync>