<?xml version="1.0" encoding="utf-8" ?><dwsync><file name="j2.1.in" server="cemc.math.uwaterloo.ca//Library/WebServer/Documents/" local="3349866561" remote="2333995681375250497" /><file name="j2.1.out" server="cemc.math.uwaterloo.ca//Library/WebServer/Documents/" local="3349866561" remote="2299944441918187585" /><file name="j2.2.in" server="cemc.math.uwaterloo.ca//Library/WebServer/Documents/" local="3349866561" remote="2078825128789731393" /><file name="j2.2.out" server="cemc.math.uwaterloo.ca//Library/WebServer/Documents/" local="3349866562" remote="2080794835151415362" /><file name="j2.3.in" server="cemc.math.uwaterloo.ca//Library/WebServer/Documents/" local="3349866562" remote="2325852955957979202" /><file name="j2.3.out" server="cemc.math.uwaterloo.ca//Library/WebServer/Documents/" local="3349866562" remote="2322162702877386818" /><file name="j2.4.in" server="cemc.math.uwaterloo.ca//Library/WebServer/Documents/" local="3349866562" remote="2322577390559750210" /><file name="j2.4.out" server="cemc.math.uwaterloo.ca//Library/WebServer/Documents/" local="3349866562" remote="2328135731075803202" /><file name="j2.5.in" server="cemc.math.uwaterloo.ca//Library/WebServer/Documents/" local="3349866562" remote="2283881126792194114" /><file name="j2.5.out" server="cemc.math.uwaterloo.ca//Library/WebServer/Documents/" local="3349866563" remote="2066909274602924099" /></dwsync>