<?xml version="1.0" encoding="utf-8" ?><dwsync><file name="j1.1.in" server="cemc.math.uwaterloo.ca//Library/WebServer/Documents/" local="3349866538" remote="2305846276738705450" /><file name="j1.1.out" server="cemc.math.uwaterloo.ca//Library/WebServer/Documents/" local="3349866538" remote="2066456619409664042" /><file name="j1.10.in" server="cemc.math.uwaterloo.ca//Library/WebServer/Documents/" local="3349866538" remote="2071323298392369194" /><file name="j1.10.out" server="cemc.math.uwaterloo.ca//Library/WebServer/Documents/" local="3349866539" remote="2072779189226498091" /><file name="j1.2.in" server="cemc.math.uwaterloo.ca//Library/WebServer/Documents/" local="3349866539" remote="2324909523441739819" /><file name="j1.2.out" server="cemc.math.uwaterloo.ca//Library/WebServer/Documents/" local="3349866539" remote="2069884742046246955" /><file name="j1.3.in" server="cemc.math.uwaterloo.ca//Library/WebServer/Documents/" local="3349866539" remote="2071770662185920555" /><file name="j1.3.out" server="cemc.math.uwaterloo.ca//Library/WebServer/Documents/" local="3349866539" remote="2071489736965023787" /><file name="j1.4.in" server="cemc.math.uwaterloo.ca//Library/WebServer/Documents/" local="3349866539" remote="2324195768596621355" /><file name="j1.4.out" server="cemc.math.uwaterloo.ca//Library/WebServer/Documents/" local="3349866540" remote="2326048411329685548" /><file name="j1.5.in" server="cemc.math.uwaterloo.ca//Library/WebServer/Documents/" local="3349866540" remote="2325958113937254444" /><file name="j1.5.out" server="cemc.math.uwaterloo.ca//Library/WebServer/Documents/" local="3349866540" remote="2332165509911078956" /><file name="j1.6.in" server="cemc.math.uwaterloo.ca//Library/WebServer/Documents/" local="3349866540" remote="2303034172671453228" /><file name="j1.6.out" server="cemc.math.uwaterloo.ca//Library/WebServer/Documents/" local="3349866540" remote="2319406536464197676" /><file name="j1.7.in" server="cemc.math.uwaterloo.ca//Library/WebServer/Documents/" local="3349866541" remote="2300779933316343853" /><file name="j1.7.out" server="cemc.math.uwaterloo.ca//Library/WebServer/Documents/" local="3349866541" remote="2318354183577331757" /><file name="j1.8.in" server="cemc.math.uwaterloo.ca//Library/WebServer/Documents/" local="3349866541" remote="2300511892997335085" /><file name="j1.8.out" server="cemc.math.uwaterloo.ca//Library/WebServer/Documents/" local="3349866541" remote="2292341731328976941" /><file name="j1.9.in" server="cemc.math.uwaterloo.ca//Library/WebServer/Documents/" local="3349866541" remote="2321618891298236461" /><file name="j1.9.out" server="cemc.math.uwaterloo.ca//Library/WebServer/Documents/" local="3349866541" remote="2300055423873116205" /><file name="j2.1.in" server="cemc.math.uwaterloo.ca//Library/WebServer/Documents/" local="3349866541" remote="2301423800453621805" /><file name="j2.1.out" server="cemc.math.uwaterloo.ca//Library/WebServer/Documents/" local="3349866542" remote="2301433970936178734" /><file name="j2.2.in" server="cemc.math.uwaterloo.ca//Library/WebServer/Documents/" local="3349866542" remote="2323165560561133614" /><file name="j2.2.out" server="cemc.math.uwaterloo.ca//Library/WebServer/Documents/" local="3349866542" remote="2304753173202135086" /><file name="j2.3.in" server="cemc.math.uwaterloo.ca//Library/WebServer/Documents/" local="3349866542" remote="2320044150129092654" /><file name="j2.3.out" server="cemc.math.uwaterloo.ca//Library/WebServer/Documents/" local="3349866542" remote="2303471331622709294" /><file name="j2.4.in" server="cemc.math.uwaterloo.ca//Library/WebServer/Documents/" local="3349866542" remote="2322021312554002478" /><file name="j2.4.out" server="cemc.math.uwaterloo.ca//Library/WebServer/Documents/" local="3349866542" remote="2312376310655805486" /><file name="j2.5.in" server="cemc.math.uwaterloo.ca//Library/WebServer/Documents/" local="3349866543" remote="2309319376272812079" /><file name="j2.5.out" server="cemc.math.uwaterloo.ca//Library/WebServer/Documents/" local="3349866543" remote="2314719335574857775" /><file name="j3.1.in" server="cemc.math.uwaterloo.ca//Library/WebServer/Documents/" local="3349866543" remote="2315949517287647279" /><file name="j3.1.out" server="cemc.math.uwaterloo.ca//Library/WebServer/Documents/" local="3349866543" remote="2316286603500906543" /><file name="j3.2.in" server="cemc.math.uwaterloo.ca//Library/WebServer/Documents/" local="3349866543" remote="2317209334274779183" /><file name="j3.2.out" server="cemc.math.uwaterloo.ca//Library/WebServer/Documents/" local="3349866543" remote="2317623815798712367" /><file name="j3.3.in" server="cemc.math.uwaterloo.ca//Library/WebServer/Documents/" local="3349866543" remote="2074445859875645487" /><file name="j3.3.out" server="cemc.math.uwaterloo.ca//Library/WebServer/Documents/" local="3349866544" remote="2074611181756803120" /><file name="j3.4.in" server="cemc.math.uwaterloo.ca//Library/WebServer/Documents/" local="3349866544" remote="2298704347420878896" /><file name="j3.4.out" server="cemc.math.uwaterloo.ca//Library/WebServer/Documents/" local="3349866544" remote="2297223425517348912" /><file name="j3.5.in" server="cemc.math.uwaterloo.ca//Library/WebServer/Documents/" local="3349866544" remote="380372151148668976" /><file name="j3.5.out" server="cemc.math.uwaterloo.ca//Library/WebServer/Documents/" local="3349866544" remote="2318685153757161520" /><file name="j4.1.in" server="cemc.math.uwaterloo.ca//Library/WebServer/Documents/" local="3350427276" remote="3589573707585255052" /><file name="j4.1.out" server="cemc.math.uwaterloo.ca//Library/WebServer/Documents/" local="3350427276" remote="2377201076688615052" /><file name="j4.2.in" server="cemc.math.uwaterloo.ca//Library/WebServer/Documents/" local="3350427276" remote="3588333458469123724" /><file name="j4.2.out" server="cemc.math.uwaterloo.ca//Library/WebServer/Documents/" local="3350427276" remote="3586210043817850508" /><file name="j4.3.in" server="cemc.math.uwaterloo.ca//Library/WebServer/Documents/" local="3350427276" remote="3268255075183851148" /><file name="j4.3.out" server="cemc.math.uwaterloo.ca//Library/WebServer/Documents/" local="3350427276" remote="3606388916865955468" /><file name="j4.4.in" server="cemc.math.uwaterloo.ca//Library/WebServer/Documents/" local="3350427276" remote="3493936485394249356" /><file name="j4.4.out" server="cemc.math.uwaterloo.ca//Library/WebServer/Documents/" local="3350427276" remote="3480405586065192588" /><file name="j4.5.in" server="cemc.math.uwaterloo.ca//Library/WebServer/Documents/" local="3350427276" remote="3266888639928563340" /><file name="j4.5.out" server="cemc.math.uwaterloo.ca//Library/WebServer/Documents/" local="3350427276" remote="2356584890070431372" /><file name="j5.1.in" server="cemc.math.uwaterloo.ca//Library/WebServer/Documents/" local="3349866546" remote="3600193667059083314" /><file name="j5.1.out" server="cemc.math.uwaterloo.ca//Library/WebServer/Documents/" local="3349866546" remote="3603175250535835698" /><file name="j5.2.in" server="cemc.math.uwaterloo.ca//Library/WebServer/Documents/" local="3349866546" remote="3603117405916293170" /><file name="j5.2.out" server="cemc.math.uwaterloo.ca//Library/WebServer/Documents/" local="3349866546" remote="3271021497978382386" /><file name="j5.3.in" server="cemc.math.uwaterloo.ca//Library/WebServer/Documents/" local="3349866546" remote="3602911573903599666" /><file name="j5.3.out" server="cemc.math.uwaterloo.ca//Library/WebServer/Documents/" local="3349866546" remote="3604218772969941042" /><file name="j5.4.in" server="cemc.math.uwaterloo.ca//Library/WebServer/Documents/" local="3349866546" remote="3604714085778384946" /><file name="j5.4.out" server="cemc.math.uwaterloo.ca//Library/WebServer/Documents/" local="3349866547" remote="3604192711108388915" /><file name="j5.5.in" server="cemc.math.uwaterloo.ca//Library/WebServer/Documents/" local="3349866547" remote="3603447396843579443" /><file name="j5.5.out" server="cemc.math.uwaterloo.ca//Library/WebServer/Documents/" local="3349866547" remote="2308137092035307571" /><file name="j5.6.in" server="cemc.math.uwaterloo.ca//Library/WebServer/Documents/" local="3349866547" remote="2066959010324211763" /><file name="j5.6.out" server="cemc.math.uwaterloo.ca//Library/WebServer/Documents/" local="3349866547" remote="2294573465055455283" /><file name="j5.7.in" server="cemc.math.uwaterloo.ca//Library/WebServer/Documents/" local="3349866547" remote="2292398029760292915" /><file name="j5.7.out" server="cemc.math.uwaterloo.ca//Library/WebServer/Documents/" local="3349866547" remote="2309652012899952691" /><file name="j5.8.in" server="cemc.math.uwaterloo.ca//Library/WebServer/Documents/" local="3349866548" remote="2285439358107052084" /><file name="j5.8.out" server="cemc.math.uwaterloo.ca//Library/WebServer/Documents/" local="3349866548" remote="2065337007334942772" /><file name="s1.1.in" server="cemc.math.uwaterloo.ca//Library/WebServer/Documents/" local="3349866548" remote="2271296305679231028" /><file name="s1.1.out" server="cemc.math.uwaterloo.ca//Library/WebServer/Documents/" local="3349866548" remote="2310552049066633268" /><file name="s1.2.in" server="cemc.math.uwaterloo.ca//Library/WebServer/Documents/" local="3349866548" remote="2310766917690517556" /><file name="s1.2.out" server="cemc.math.uwaterloo.ca//Library/WebServer/Documents/" local="3349866548" remote="2308559201421158452" /><file name="s1.3.in" server="cemc.math.uwaterloo.ca//Library/WebServer/Documents/" local="3349866548" remote="2311095310889969716" /><file name="s1.3.out" server="cemc.math.uwaterloo.ca//Library/WebServer/Documents/" local="3349866549" remote="2311206292844898357" /><file name="s1.4.in" server="cemc.math.uwaterloo.ca//Library/WebServer/Documents/" local="3349866549" remote="2311317807375771701" /><file name="s1.4.out" server="cemc.math.uwaterloo.ca//Library/WebServer/Documents/" local="3349866549" remote="2066591189324982325" /><file name="s1.5.in" server="cemc.math.uwaterloo.ca//Library/WebServer/Documents/" local="3349866549" remote="3603464559532894261" /><file name="s1.5.out" server="cemc.math.uwaterloo.ca//Library/WebServer/Documents/" local="3349866549" remote="3600318427269097525" /><file name="s1.6.in" server="cemc.math.uwaterloo.ca//Library/WebServer/Documents/" local="3349866549" remote="3601540998299838517" /><file name="s1.6.out" server="cemc.math.uwaterloo.ca//Library/WebServer/Documents/" local="3349866549" remote="2349053922614372405" /><file name="s1.7.in" server="cemc.math.uwaterloo.ca//Library/WebServer/Documents/" local="3349866550" remote="3598079770055338038" /><file name="s1.7.out" server="cemc.math.uwaterloo.ca//Library/WebServer/Documents/" local="3349866550" remote="2346244893743704118" /><file name="s1.8.in" server="cemc.math.uwaterloo.ca//Library/WebServer/Documents/" local="3349866550" remote="2360040620756232246" /><file name="s1.8.out" server="cemc.math.uwaterloo.ca//Library/WebServer/Documents/" local="3349866550" remote="2067452124109400118" /><file name="s1.9.in" server="cemc.math.uwaterloo.ca//Library/WebServer/Documents/" local="3349866550" remote="2073397990934636598" /><file name="s1.9.out" server="cemc.math.uwaterloo.ca//Library/WebServer/Documents/" local="3349866550" remote="3574884232237606966" /><file name="s2.1.in" server="cemc.math.uwaterloo.ca//Library/WebServer/Documents/" local="3349866550" remote="2082841730665343030" /><file name="s2.1.out" server="cemc.math.uwaterloo.ca//Library/WebServer/Documents/" local="3349866551" remote="2074998982943893559" /><file name="s2.2.in" server="cemc.math.uwaterloo.ca//Library/WebServer/Documents/" local="3349866551" remote="2348633909172561975" /><file name="s2.2.out" server="cemc.math.uwaterloo.ca//Library/WebServer/Documents/" local="3349866551" remote="2087144102484961335" /><file name="s2.2_original.in" server="cemc.math.uwaterloo.ca//Library/WebServer/Documents/" local="3349866551" remote="2067647012545423415" /><file name="s2.2_original.out" server="cemc.math.uwaterloo.ca//Library/WebServer/Documents/" local="3349866551" remote="2075766235901650999" /><file name="s2.3.in" server="cemc.math.uwaterloo.ca//Library/WebServer/Documents/" local="3349866551" remote="2066821210593486903" /><file name="s2.3.out" server="cemc.math.uwaterloo.ca//Library/WebServer/Documents/" local="3349866551" remote="2070906755284133943" /><file name="s2.4.in" server="cemc.math.uwaterloo.ca//Library/WebServer/Documents/" local="3349866552" remote="2067877033813927992" /><file name="s2.4.out" server="cemc.math.uwaterloo.ca//Library/WebServer/Documents/" local="3349866552" remote="2079058328334035000" /><file name="s2.5.in" server="cemc.math.uwaterloo.ca//Library/WebServer/Documents/" local="3349866552" remote="2068364392342939704" /><file name="s2.5.out" server="cemc.math.uwaterloo.ca//Library/WebServer/Documents/" local="3349866552" remote="3601931204668614712" /><file name="s2.6.in" server="cemc.math.uwaterloo.ca//Library/WebServer/Documents/" local="3349866552" remote="2073416424934271032" /><file name="s2.6.out" server="cemc.math.uwaterloo.ca//Library/WebServer/Documents/" local="3349866552" remote="2069312394704382008" /><file name="s3.1.in" server="cemc.math.uwaterloo.ca//Library/WebServer/Documents/" local="3349866552" remote="2066969816461928504" /><file name="s3.1.out" server="cemc.math.uwaterloo.ca//Library/WebServer/Documents/" local="3349866553" remote="2071056924520671289" /><file name="s3.2.in" server="cemc.math.uwaterloo.ca//Library/WebServer/Documents/" local="3349866553" remote="2067854785883334713" /><file name="s3.2.out" server="cemc.math.uwaterloo.ca//Library/WebServer/Documents/" local="3349866553" remote="2070866880807757881" /><file name="s3.3.in" server="cemc.math.uwaterloo.ca//Library/WebServer/Documents/" local="3349866553" remote="2075802468245760057" /><file name="s3.3.out" server="cemc.math.uwaterloo.ca//Library/WebServer/Documents/" local="3349866553" remote="3601100781331867705" /><file name="s3.4.in" server="cemc.math.uwaterloo.ca//Library/WebServer/Documents/" local="3349866553" remote="3597413466008905785" /><file name="s3.4.out" server="cemc.math.uwaterloo.ca//Library/WebServer/Documents/" local="3349866553" remote="2082495659380500537" /><file name="s3.5.in" server="cemc.math.uwaterloo.ca//Library/WebServer/Documents/" local="3349866553" remote="2074557322866911289" /><file name="s3.5.out" server="cemc.math.uwaterloo.ca//Library/WebServer/Documents/" local="3349866554" remote="2074548423694673978" /><file name="s3.6.in" server="cemc.math.uwaterloo.ca//Library/WebServer/Documents/" local="3349866554" remote="3595175066493184058" /><file name="s3.6.out" server="cemc.math.uwaterloo.ca//Library/WebServer/Documents/" local="3349866554" remote="2076133129187944506" /><file name="s3.7.in" server="cemc.math.uwaterloo.ca//Library/WebServer/Documents/" local="3349866554" remote="2068460221653248058" /><file name="s3.7.out" server="cemc.math.uwaterloo.ca//Library/WebServer/Documents/" local="3349866554" remote="2070585629169346618" /><file name="s3.8.in" server="cemc.math.uwaterloo.ca//Library/WebServer/Documents/" local="3349866554" remote="2293667896970897466" /><file name="s3.8.out" server="cemc.math.uwaterloo.ca//Library/WebServer/Documents/" local="3349866554" remote="2352440658946091066" /><file name="s4.1.in" server="cemc.math.uwaterloo.ca//Library/WebServer/Documents/" local="3349866555" remote="380683708076320827" /><file name="s4.1.out" server="cemc.math.uwaterloo.ca//Library/WebServer/Documents/" local="3349866555" remote="2294467035765860411" /><file name="s4.2.in" server="cemc.math.uwaterloo.ca//Library/WebServer/Documents/" local="3349866555" remote="2292719636911417403" /><file name="s4.2.out" server="cemc.math.uwaterloo.ca//Library/WebServer/Documents/" local="3349866555" remote="3610093274618587195" /><file name="s4.3.in" server="cemc.math.uwaterloo.ca//Library/WebServer/Documents/" local="3349866555" remote="2293069968803817531" /><file name="s4.3.out" server="cemc.math.uwaterloo.ca//Library/WebServer/Documents/" local="3349866555" remote="3614730104131479611" /><file name="s4.4.in" server="cemc.math.uwaterloo.ca//Library/WebServer/Documents/" local="3349866555" remote="2331071289683011643" /><file name="s4.4.out" server="cemc.math.uwaterloo.ca//Library/WebServer/Documents/" local="3349866556" remote="2288460231944628284" /><file name="s4.5.in" server="cemc.math.uwaterloo.ca//Library/WebServer/Documents/" local="3349866556" remote="2346740051933325372" /><file name="s4.5.out" server="cemc.math.uwaterloo.ca//Library/WebServer/Documents/" local="3349866556" remote="2307392207267227708" /><file name="s5.1.in" server="cemc.math.uwaterloo.ca//Library/WebServer/Documents/" local="3349866556" remote="2306822505625217084" /><file name="s5.1.out" server="cemc.math.uwaterloo.ca//Library/WebServer/Documents/" local="3349866556" remote="2308868765483984956" /><file name="s5.2.in" server="cemc.math.uwaterloo.ca//Library/WebServer/Documents/" local="3349866556" remote="2308653553262716988" /><file name="s5.2.out" server="cemc.math.uwaterloo.ca//Library/WebServer/Documents/" local="3349866556" remote="2071876558899570748" /><file name="s5.3.in" server="cemc.math.uwaterloo.ca//Library/WebServer/Documents/" local="3349866557" remote="2272904392974460989" /><file name="s5.3.out" server="cemc.math.uwaterloo.ca//Library/WebServer/Documents/" local="3349866557" remote="2309783232740780093" /><file name="s5.4.in" server="cemc.math.uwaterloo.ca//Library/WebServer/Documents/" local="3349866557" remote="2309657098141231165" /><file name="s5.4.out" server="cemc.math.uwaterloo.ca//Library/WebServer/Documents/" local="3349866557" remote="380211364752975933" /><file name="s5.5.in" server="cemc.math.uwaterloo.ca//Library/WebServer/Documents/" local="3349866557" remote="2270860813175285821" /><file name="s5.5.out" server="cemc.math.uwaterloo.ca//Library/WebServer/Documents/" local="3349866557" remote="3609774175728363581" /><file name="s5.6.in" server="cemc.math.uwaterloo.ca//Library/WebServer/Documents/" local="3349866557" remote="2292373514086967357" /><file name="s5.6.out" server="cemc.math.uwaterloo.ca//Library/WebServer/Documents/" local="3349866557" remote="3606441968301434941" /><file name="s5.7.in" server="cemc.math.uwaterloo.ca//Library/WebServer/Documents/" local="3349866558" remote="2309183517867305022" /><file name="s5.7.out" server="cemc.math.uwaterloo.ca//Library/WebServer/Documents/" local="3349866558" remote="2308959217495238718" /><file name="s5.8.in" server="cemc.math.uwaterloo.ca//Library/WebServer/Documents/" local="3349866558" remote="379842409882380350" /><file name="s5.8.out" server="cemc.math.uwaterloo.ca//Library/WebServer/Documents/" local="3349866558" remote="2068863570621950014" /></dwsync>